Food,Carbohydrates,Protein,Fat,Sugar,Sodium,콜레스테롤,포화지방,트랜스지방,1회 제공량,Energy,분류
김치찌개,11.93 ,15.07 ,15.00 ,3.02 ,1962.14 ,25.18 ,2.76 ,0.03 ,400.00 ,243.03 ,찌개 및 전골류
쌀밥,66.40 ,6.00 ,0.20 ,0.00 ,6.00 ,0.00 ,0.00 ,0.00 ,200.00 ,272.00 ,밥류
계란말이,2.61 ,11.98 ,13.02 ,0.05 ,327.21 ,292.17 ,3.11 ,0.07 ,100.00 ,175.57 ,전/적 및 부침류
버섯볶음,7.80 ,3.40 ,5.10 ,1.42 ,434.25 ,0.00 ,0.62 ,0.02 ,100.00 ,90.69 ,볶음류
김밥,57.57 ,7.26 ,6.84 ,0.50 ,833.29 ,40.49 ,2.75 ,0.06 ,200.00 ,317.68 ,밥류
도토리묵,10.38 ,0.29 ,0.32 ,0.43 ,124.15 ,0.00 ,0.03 ,0.00 ,100.00 ,45.60 ,생채/무침류
족발,5.51 ,39.04 ,23.95 ,0.32 ,542.57 ,74.87 ,6.97 ,0.10 ,150.00 ,393.77 ,찜류
짬뽕,100.59 ,28.17 ,19.18 ,3.38 ,4000.09 ,109.43 ,12.98 ,0.24 ,1000.00 ,687.62 ,면 및 만두류
순대국,17.26 ,43.52 ,33.02 ,0.00 ,1504.04 ,246.00 ,10.98 ,0.16 ,800.00 ,540.30 ,국 및 탕류
잔치국수,118.53 ,21.12 ,4.51 ,0.72 ,1683.17 ,60.46 ,1.00 ,0.00 ,700.00 ,599.17 ,면 및 만두류
비빔밥,114.83 ,19.92 ,18.62 ,25.65 ,1337.11 ,111.13 ,3.85 ,0.12 ,500.00 ,706.62 ,밥류
참치김밥,64.76 ,12.73 ,12.68 ,0.59 ,1108.41 ,97.82 ,3.91 ,0.18 ,250.00 ,424.06 ,밥류
잡채,38.84 ,2.05 ,4.53 ,2.72 ,658.95 ,0.00 ,0.75 ,0.04 ,150.00 ,204.32 ,볶음류
닭강정,28.42 ,15.94 ,14.76 ,6.56 ,426.20 ,51.25 ,3.10 ,0.10 ,100.00 ,310.25 ,튀김류
탕수육,51.83 ,17.48 ,19.94 ,17.08 ,442.98 ,44.01 ,4.90 ,0.17 ,200.00 ,456.72 ,튀김류
비빔국수,109.85 ,18.75 ,11.50 ,23.61 ,1854.91 ,26.09 ,1.97 ,0.10 ,550.00 ,617.94 ,면 및 만두류
갈비탕,7.61 ,27.38 ,10.76 ,0.00 ,1717.54 ,112.25 ,2.86 ,0.15 ,600.00 ,236.75 ,국 및 탕류
닭갈비,44.90 ,45.93 ,25.81 ,21.19 ,1535.83 ,193.40 ,6.00 ,0.15 ,400.00 ,595.61 ,찜류
김치볶음밥,120.00 ,23.07 ,20.27 ,4.29 ,1791.99 ,152.55 ,7.10 ,0.17 ,500.00 ,754.74 ,밥류
고등어구이,1.86 ,59.25 ,47.18 ,0.35 ,1227.73 ,136.31 ,12.13 ,0.51 ,250.00 ,667.87 ,구이류
설렁탕,12.56 ,59.58 ,14.59 ,0.25 ,685.78 ,145.33 ,5.72 ,0.40 ,600.00 ,419.82 ,국 및 탕류
유부초밥,82.31 ,12.46 ,7.47 ,10.67 ,1046.17 ,2.47 ,1.53 ,0.04 ,250.00 ,446.33 ,밥류
소불고기,18.30 ,12.75 ,5.83 ,3.36 ,892.09 ,41.41 ,1.55 ,0.16 ,200.00 ,176.71 ,구이류
순두부찌개,7.62 ,14.43 ,12.43 ,1.32 ,1350.98 ,80.93 ,1.79 ,0.09 ,400.00 ,200.08 ,찌개 및 전골류
감자탕,26.89 ,95.93 ,52.03 ,0.76 ,2631.20 ,453.80 ,16.48 ,0.16 ,900.00 ,959.55 ,찌개 및 전골류
쌀국수,55.07 ,15.60 ,4.18 ,4.27 ,1651.58 ,33.60 ,1.40 ,0.08 ,600.00 ,320.32 ,면 및 만두류
삼계탕,40.93 ,115.29 ,32.52 ,0.00 ,1310.98 ,471.70 ,10.76 ,0.32 ,1000.00 ,917.61 ,국 및 탕류
추어탕,20.29 ,24.59 ,17.96 ,0.00 ,2046.47 ,106.19 ,1.55 ,0.10 ,700.00 ,341.13 ,찌개 및 전골류
된장찌개,13.45 ,11.50 ,5.01 ,1.80 ,2021.01 ,11.81 ,0.77 ,0.00 ,400.00 ,144.88 ,찌개 및 전골류
볶음밥,112.68 ,18.79 ,27.49 ,0.86 ,1203.19 ,161.18 ,12.79 ,0.29 ,400.00 ,773.30 ,밥류
부대찌개,47.34 ,25.96 ,25.20 ,3.87 ,2664.21 ,82.64 ,6.78 ,0.11 ,600.00 ,520.05 ,찌개 및 전골류
양념치킨,21.13 ,17.75 ,13.39 ,6.24 ,402.74 ,68.89 ,2.69 ,0.11 ,100.00 ,276.03 ,튀김류
훈제오리,12.08 ,43.06 ,64.07 ,0.27 ,1220.37 ,171.00 ,15.98 ,0.39 ,250.00 ,797.14 ,구이류
순대,94.87 ,7.96 ,9.93 ,0.91 ,1315.19 ,49.22 ,3.76 ,0.06 ,300.00 ,547.59 ,찜류
육회,14.10 ,22.38 ,9.33 ,1.52 ,447.81 ,79.09 ,2.91 ,0.17 ,150.00 ,229.91 ,수조어육류
닭볶음탕,22.63 ,37.98 ,13.94 ,5.75 ,1023.02 ,154.84 ,4.03 ,0.08 ,300.00 ,367.92 ,찌개 및 전골류
수제비,128.38 ,20.84 ,5.55 ,4.32 ,2030.30 ,82.67 ,1.43 ,0.00 ,800.00 ,646.84 ,면 및 만두류
감자튀김,37.59 ,3.69 ,15.74 ,0.29 ,246.46 ,0.00 ,3.06 ,0.08 ,100.00 ,306.84 ,튀김류
어묵,17.84 ,8.29 ,2.95 ,2.42 ,451.77 ,0.00 ,0.32 ,0.00 ,100.00 ,131.12 ,분식
인절미,45.39 ,5.65 ,1.86 ,1.93 ,341.37 ,0.00 ,0.56 ,0.00 ,100.00 ,220.95 ,"곡류,서류 제품"
비빔냉면,122.40 ,19.54 ,6.11 ,27.03 ,1663.87 ,75.15 ,1.90 ,0.05 ,550.00 ,622.74 ,면 및 만두류
제육덮밥,115.48 ,30.08 ,22.24 ,7.27 ,1538.06 ,83.77 ,5.68 ,0.15 ,500.00 ,782.38 ,밥류
김치전,34.49 ,7.10 ,12.88 ,1.55 ,686.94 ,28.52 ,2.23 ,0.08 ,150.00 ,282.27 ,전/적 및 부침류
간장게장,12.84 ,37.69 ,11.12 ,5.90 ,3220.82 ,378.79 ,2.63 ,0.23 ,250.00 ,302.16 ,젓갈류
식혜,24.30 ,2.25 ,2.70 ,17.10 ,3.38 ,0.00 ,0.00 ,0.00 ,150.00 ,130.50 ,음료 및 차류
떡국,147.17 ,20.63 ,4.45 ,0.48 ,1928.42 ,136.34 ,2.18 ,0.02 ,800.00 ,711.13 ,면 및 만두류
꽈배기,30.70 ,5.13 ,13.23 ,7.02 ,279.94 ,12.36 ,4.51 ,0.12 ,65.00 ,262.38 ,빵 및 과자류
햄버거,38.72 ,20.57 ,14.52 ,7.62 ,620.73 ,52.03 ,7.38 ,0.05 ,121.00 ,370.26 ,햄버거
떡볶이,60.48 ,7.61 ,3.46 ,6.83 ,853.08 ,7.49 ,0.75 ,0.00 ,200.00 ,303.53 ,볶음류
찹쌀떡,65.61 ,3.26 ,0.15 ,17.54 ,225.61 ,0.00 ,0.15 ,0.00 ,100.00 ,276.87 ,"곡류,서류 제품"
낙지볶음,21.67 ,14.90 ,4.51 ,7.56 ,895.12 ,118.31 ,0.89 ,0.04 ,200.00 ,186.83 ,볶음류
아구찜,17.47 ,48.30 ,5.31 ,0.69 ,1406.20 ,389.13 ,0.86 ,0.03 ,400.00 ,310.87 ,찜류
소고기무국,7.76 ,14.21 ,3.96 ,3.48 ,1067.02 ,38.43 ,1.30 ,0.08 ,400.00 ,122.94 ,국 및 탕류
치즈케이크,28.64 ,7.23 ,20.63 ,15.28 ,200.67 ,126.78 ,10.99 ,0.61 ,100.00 ,329.14 ,빵 및 과자류
소고기 샤브샤브,14.67 ,29.13 ,9.84 ,2.43 ,1122.40 ,76.02 ,3.71 ,0.27 ,600.00 ,263.75 ,찌개 및 전골류
김치만두,57.57 ,15.58 ,14.21 ,3.01 ,941.25 ,12.69 ,4.84 ,0.08 ,250.00 ,420.53 ,면 및 만두류
물냉면,112.90 ,15.82 ,4.08 ,23.19 ,2618.21 ,41.78 ,1.18 ,0.00 ,800.00 ,551.62 ,면 및 만두류
배추김치,2.90 ,1.23 ,0.29 ,0.79 ,312.08 ,1.13 ,0.06 ,0.00 ,50.00 ,19.13 ,김치류
오므라이스,112.45 ,21.52 ,21.56 ,10.35 ,1483.37 ,206.32 ,5.81 ,0.08 ,450.00 ,729.97 ,밥류
떡갈비,29.10 ,43.95 ,42.80 ,8.92 ,1102.77 ,108.11 ,15.25 ,0.63 ,250.00 ,677.36 ,전/적 및 부침류
양념게장,42.05 ,23.92 ,1.75 ,17.04 ,1775.08 ,135.41 ,0.61 ,0.02 ,200.00 ,279.63 ,젓갈류
곰탕,7.35 ,70.13 ,29.97 ,0.00 ,822.77 ,197.94 ,7.97 ,0.75 ,700.00 ,579.62 ,국 및 탕류
군만두,88.05 ,17.53 ,29.21 ,4.17 ,952.21 ,17.02 ,12.40 ,0.25 ,250.00 ,685.24 ,면 및 만두류
숙주나물,1.35 ,1.10 ,1.15 ,0.00 ,188.35 ,0.00 ,0.10 ,0.00 ,50.00 ,20.00 ,나물/숙채류
파전,34.81 ,6.83 ,14.03 ,0.79 ,345.96 ,46.14 ,2.26 ,0.07 ,150.00 ,292.80 ,전/적 및 부침류
감자전,27.62 ,2.90 ,7.29 ,0.36 ,268.85 ,1.94 ,1.09 ,0.04 ,100.00 ,187.67 ,전/적 및 부침류
전복죽,114.31 ,12.57 ,9.25 ,0.21 ,1309.47 ,28.47 ,1.79 ,0.05 ,800.00 ,590.82 ,죽 및 스프류
회덮밥,103.30 ,30.21 ,16.55 ,10.93 ,744.27 ,88.65 ,2.90 ,0.11 ,500.00 ,683.02 ,밥류
육회비빔밥,96.18 ,29.18 ,19.80 ,12.03 ,935.92 ,115.99 ,4.20 ,0.19 ,450.00 ,6789.70 ,밥류
카레라이스,126.01 ,13.49 ,12.67 ,4.97 ,1089.16 ,6.99 ,3.69 ,0.08 ,500.00 ,672.00 ,밥류
두부조림,2.86 ,6.15 ,3.69 ,0.25 ,250.01 ,0.00 ,0.63 ,0.01 ,50.00 ,69.25 ,조림류
새우튀김,26.30 ,9.05 ,17.76 ,0.09 ,555.81 ,60.23 ,3.04 ,0.19 ,100.00 ,301.24 ,튀김류
고구마튀김,33.80 ,2.70 ,11.90 ,0.70 ,148.41 ,20.84 ,1.70 ,0.10 ,100.00 ,253.00 ,튀김류
들깨칼국수,59.80 ,17.59 ,16.48 ,1.43 ,1192.57 ,3.36 ,1.46 ,0.02 ,600.00 ,457.88 ,면 및 만두류
크로와상,12.32 ,1.68 ,7.28 ,2.24 ,120.40 ,7.84 ,3.36 ,0.00 ,56.00 ,120.40 ,제빵
고구마맛탕,47.28 ,1.65 ,5.52 ,19.35 ,38.47 ,0.00 ,0.93 ,0.02 ,100.00 ,245.41 ,튀김류
미역줄기볶음,4.97 ,1.07 ,4.70 ,0.21 ,1023.06 ,0.00 ,0.64 ,0.03 ,100.00 ,66.49 ,볶음류
콩국수,112.03 ,31.03 ,10.51 ,4.69 ,944.59 ,31.25 ,4.30 ,0.00 ,800.00 ,666.83 ,면 및 만두류
콩나물무침,0.95 ,1.70 ,1.65 ,0.00 ,213.95 ,0.00 ,0.20 ,0.00 ,50.00 ,25.50 ,나물/숙채류
깍두기,3.34 ,0.83 ,0.18 ,1.39 ,323.47 ,0.80 ,0.02 ,0.00 ,50.00 ,18.33 ,김치류
고기만두,2.88 ,6.91 ,13.36 ,2.23 ,49.55 ,0.00 ,2.04 ,0.00 ,100.00 ,199.40 ,면 및 만두류
마늘빵,60.87 ,11.19 ,21.61 ,7.33 ,616.28 ,0.00 ,9.33 ,0.00 ,100.00 ,482.75 ,제빵
메밀전병,21.60 ,6.20 ,6.30 ,0.60 ,345.80 ,8.05 ,1.20 ,0.00 ,100.00 ,168.00 ,"곡류,서류 제품"
머핀,69.29 ,7.37 ,28.23 ,39.50 ,407.17 ,71.21 ,5.24 ,0.13 ,130.00 ,560.71 ,빵 및 과자류
생선까스,46.65 ,24.33 ,41.10 ,1.96 ,788.62 ,72.72 ,7.96 ,0.25 ,200.00 ,653.44 ,튀김류
두부김치,14.08 ,19.47 ,17.11 ,1.49 ,989.69 ,13.92 ,3.17 ,0.07 ,250.00 ,288.21 ,볶음류
쇠고기미역국,1.19 ,2.78 ,0.81 ,0.00 ,293.68 ,6.49 ,0.30 ,0.02 ,100.00 ,23.17 ,국 및 탕류
갈치구이,0.35 ,61.99 ,25.77 ,0.35 ,1022.03 ,198.95 ,7.35 ,0.25 ,250.00 ,481.32 ,구이류
버섯전,16.20 ,10.50 ,14.85 ,2.70 ,313.76 ,100.10 ,2.25 ,0.00 ,150.00 ,240.00 ,전/적 및 부침류
소고기메추리알장조림,2.80 ,8.14 ,1.84 ,0.71 ,602.12 ,41.52 ,0.45 ,0.02 ,50.00 ,60.56 ,조림류
요거트,15.12 ,4.40 ,3.59 ,10.56 ,66.83 ,13.71 ,2.15 ,0.31 ,100.00 ,110.39 ,발효유류
생크림케이크,27.59 ,3.90 ,16.90 ,8.36 ,96.63 ,66.89 ,9.36 ,0.34 ,100.00 ,278.08 ,빵 및 과자류
고등어조림,5.04 ,10.03 ,7.77 ,2.02 ,474.69 ,30.02 ,2.01 ,0.06 ,100.00 ,130.16 ,조림류
오징어볶음,12.56 ,10.47 ,3.15 ,0.47 ,480.52 ,131.74 ,0.55 ,0.02 ,100.00 ,120.51 ,볶음류
골뱅이무침,15.69 ,7.08 ,1.97 ,10.46 ,525.52 ,38.35 ,0.26 ,0.02 ,100.00 ,108.79 ,생채/무침류
북어국,2.59 ,10.14 ,1.98 ,0.00 ,329.16 ,0.00 ,0.00 ,0.00 ,169.20 ,67.07 ,국 및 탕류
도가니탕,4.54 ,100.88 ,16.83 ,0.00 ,598.16 ,163.79 ,4.71 ,0.44 ,800.00 ,573.17,국 및 탕류
해쉬브라운,28.51 ,2.65 ,11.59 ,0.27 ,360.00 ,0.00 ,0.93 ,0.00 ,100.00 ,219,튀김류
열무김치,2.43 ,1.12 ,0.28 ,0.58 ,310.35 ,1.81 ,0.05 ,0.00 ,50.00 ,16.77,김치류
콩비지찌개,17.87 ,19.37 ,10.96 ,1.28 ,1287.09 ,24.05 ,1.97 ,0.02 ,400.00 ,247.61,찌개 및 전골류
동그랑땡,12.68 ,19.62 ,20.00 ,0.98 ,533.09 ,103.27 ,4.66 ,0.12 ,150.00 ,309.2,전/적 및 부침류
돼지고기수육,10.30 ,67.08 ,99.60 ,0.25 ,416.68 ,133.91 ,36.97 ,0.33 ,300.00 ,1205.91,찜류
무생채,9.26 ,1.69 ,0.96 ,5.57 ,582.55 ,1.78 ,0.11 ,0.00 ,100.00 ,52.4,생채/무침류
문어숙회,0.72 ,14.88 ,0.48 ,0.00 ,208.33 ,140.11 ,0.16 ,0.00 ,80.00 ,67.2,찜류
갈치조림,5.30 ,11.00 ,3.54 ,1.92 ,486.39 ,43.56 ,1.00 ,0.02 ,100.00 ,97.04,조림류
내장탕,13.59 ,54.77 ,30.35 ,1.19 ,2336.88 ,460.59 ,8.39 ,0.47 ,700.00 ,546.64,찌개 및 전골류
해물찜,35.35 ,42.62 ,9.80 ,5.52 ,2137.21 ,419.16 ,1.54 ,0.04 ,500.00 ,400.08,찜류
소세지빵,12.24 ,5.44 ,6.80 ,2.04 ,266.56 ,9.52 ,2.72 ,0.00 ,68.00 ,130.56,제빵
순대볶음,19.18 ,5.18 ,5.33 ,1.35 ,375.09 ,35.43 ,1.27 ,0.03 ,100.00 ,145.38,볶음류
마파두부,10.73 ,15.26 ,13.77 ,0.29 ,691.40 ,24.58 ,2.77 ,0.08 ,200.00 ,227.93,볶음류
스파게티,77.06 ,11.20 ,0.18 ,2.96 ,0.00 ,0.00 ,0.03 ,0.00 ,100.00 ,354.62,면 및 만두류
튀김만두,22.71 ,5.02 ,19.39 ,1.01 ,322.31 ,0.00 ,3.87 ,0.00 ,100.00 ,285.45,면 및 만두류
어묵볶음,28.30 ,7.53 ,5.09 ,6.60 ,847.36 ,14.22 ,0.96 ,0.03 ,100.00 ,189.07,볶음류
감자볶음,16.73 ,2.11 ,4.54 ,1.02 ,423.18 ,0.00 ,0.60 ,0.02 ,100.00 ,116.25,볶음류
배추전,35.55 ,5.10 ,8.70 ,4.95 ,326.82 ,7.23 ,1.35 ,0.15 ,150.00 ,240,전/적 및 부침류
만둣국,47.83 ,21.43 ,17.44 ,3.05 ,2367.99 ,94.52 ,4.24 ,0.05 ,700.00 ,434.05,면 및 만두류
쫄면,109.57 ,18.40 ,9.99 ,24.17 ,1346.42 ,55.33 ,1.90 ,0.09 ,450.00 ,601.78,면 및 만두류
고구마줄기나물,5.13 ,1.68 ,3.86 ,0.54 ,529.24 ,0.00 ,0.47 ,0.02 ,100.00 ,61.92,나물/숙채류
치즈돈까스,41.76 ,42.02 ,46.69 ,3.57 ,870.77 ,98.81 ,13.59 ,0.44 ,250.00 ,755.37 ,튀김류
오징어튀김,24.29 ,11.93 ,18.14 ,0.00 ,360.00 ,101.92 ,2.90 ,0.18 ,100.00 ,308.19,튀김류
청국장찌개,10.41 ,22.40 ,15.59 ,0.99 ,1794.84 ,3.83 ,2.30 ,0.01 ,400.00 ,271.57,찌개 및 전골류
달걀찜,4.31 ,17.35 ,12.66 ,0.41 ,835.49 ,489.36 ,3.94 ,0.05 ,250.00 ,200.55,찜류
메밀국수,117.80 ,19.64 ,6.88 ,11.37 ,1753.84 ,3.45 ,0.54 ,0.00 ,600.00 ,611.72,면 및 만두류
식빵,49.68 ,9.01 ,4.91 ,4.12 ,516.00 ,0.00 ,2.87 ,0.00 ,100.00 ,279,제빵
김자반,10.42 ,4.69 ,0.91 ,232.16 ,0.00 ,0.00 ,0.00 ,0.00 ,61.30 ,45.22,볶음류
건새우볶음,5.71 ,4.67 ,2.69 ,2.60 ,196.24 ,33.45 ,0.40 ,0.02 ,20.00 ,65.73 ,볶음류
오렌지,11.10 ,0.00 ,0.00 ,11.20 ,22.22 ,0.00 ,0.00 ,0.00 ,100.00 ,40.00 ,과실류
우거지해장국,13.46 ,11.92 ,5.87 ,2.53 ,2049.59 ,22.37 ,1.19 ,0.04 ,600.00 ,154.38 ,국 및 탕류
소곱창구이,5.46 ,16.71 ,61.32 ,0.22 ,315.86 ,166.38 ,21.67 ,1.56 ,150.00 ,639.57 ,구이류
오이소박이,2.45 ,0.80 ,0.70 ,0.14 ,266.00 ,0.88 ,0.40 ,0.00 ,50.00 ,17.38,김치류
연어롤,74.32 ,18.57 ,15.40 ,8.47 ,1211.90 ,61.97 ,2.83 ,0.01 ,300.00 ,510.19 ,밥류
자장면,133.63 ,19.77 ,20.32 ,7.80 ,2391.58 ,10.76 ,8.52 ,0.17 ,650.00 ,796.5,면 및 만두류
가지볶음,20.07 ,1.71 ,3.66 ,2.32 ,219.18 ,0.00 ,0.03 ,0.00 ,131.50 ,111.2,볶음류
김치볶음,8.99 ,3.11 ,5.41 ,3.39 ,849.94 ,5.63 ,0.75 ,0.03 ,100.00 ,97.04,볶음류
연근조림,18.06 ,0.63 ,0.38 ,7.08 ,200.37 ,0.19 ,0.07 ,0.00 ,30.00 ,78.24 ,조림류
가지나물,2.65 ,0.60 ,1.10 ,0.55 ,152.20 ,0.49 ,0.15 ,0.00 ,50.00 ,23.00 ,나물/숙채류
치킨까스,44.02 ,27.91 ,33.92 ,4.51 ,779.27 ,72.97 ,8.42 ,0.27 ,200.00 ,593.00 ,튀김류
칠리새우,17.31 ,10.78 ,6.91 ,0.00 ,159.36 ,0.00 ,0.00 ,0.00 ,93.70 ,175.99 ,볶음류
황태구이,26.93 ,47.83 ,15.39 ,14.15 ,1135.33 ,211.58 ,2.40 ,0.12 ,200.00 ,437.57 ,구이류
고추잡채,26.17 ,10.99 ,12.01 ,2.09 ,828.55 ,39.26 ,2.11 ,0.08 ,200.00 ,256.77 ,볶음류
돼지갈비구이,29.07 ,72.70 ,59.37 ,11.37 ,1341.59 ,189.03 ,21.84 ,0.34 ,350.00 ,941.38 ,구이류
돼지고기볶음,18.21 ,22.96 ,20.67 ,8.20 ,1051.76 ,57.87 ,5.12 ,0.15 ,200.00 ,350.67 ,볶음류
동치미,2.78 ,0.49 ,0.24 ,0.60 ,555.93 ,0.00 ,0.01 ,0.00 ,100.00 ,15.21,김치류
콩조림,7.82 ,3.87 ,0.83 ,0.41 ,213.38 ,0.00 ,0.17 ,0.00 ,20.00 ,54.25,조림류
양파장아찌,7.63 ,1.11 ,0.49 ,5.55 ,703.00 ,0.00 ,0.01 ,0.00 ,100.00 ,39.4,장아찌/절임류
우엉조림,15.83 ,0.78 ,0.37 ,7.08 ,254.75 ,0.01 ,0.06 ,0.00 ,30.00 ,67.95,조림류
무말랭이무침,8.55 ,0.98 ,0.30 ,3.75 ,384.61 ,0.04 ,0.04 ,0.00 ,30.00 ,40.79,생채/무침류
깻잎장아찌,6.88 ,1.03 ,0.41 ,2.88 ,546.72 ,0.44 ,0.04 ,0.00 ,30.00 ,35.32 ,장아찌/절임류
동태전,10.54 ,22.64 ,15.04 ,0.22 ,702.16 ,178.76 ,3.16 ,0.09 ,150.00 ,268.05 ,전/적 및 부침류
새우초밥,78.42 ,16.80 ,0.75 ,11.65 ,1110.29 ,72.65 ,0.55 ,0.01 ,250.00 ,387.67 ,밥류
주꾸미볶음,22.82 ,18.33 ,5.20 ,5.06 ,918.86 ,200.76 ,0.61 ,0.02 ,200.00 ,211.41,볶음류
고사리나물,3.25 ,2.00 ,2.75 ,0.00 ,257.38 ,0.00 ,0.35 ,0.00 ,50.00 ,45.50 ,나물/숙채류
아욱된장국,2.38 ,2.01 ,0.66 ,0.38 ,325.35 ,0.00 ,0.07 ,0.00 ,100.00 ,23.45,국 및 탕류
우거지국,2.31 ,1.48 ,0.57 ,0.55 ,357.15 ,0.00 ,0.07 ,0.00 ,100.00 ,20.24 ,국 및 탕류
배추겉절이,6.88 ,2.28 ,0.85 ,2.53 ,651.32 ,0.00 ,0.10 ,0.00 ,100.00 ,44.30 ,생채/무침류
팥죽,97.80 ,18.43 ,3.68 ,1.68 ,1026.43 ,0.00 ,0.49 ,0.01 ,600.00 ,498.06 ,죽 및 스프류
소세지볶음,15.89 ,9.38 ,14.96 ,4.47 ,718.03 ,30.13 ,4.41 ,0.08 ,100.00 ,235.69,볶음류
크림소스 스파게티,73.76 ,21.79 ,50.59 ,9.17 ,1030.21 ,126.58 ,25.67 ,1.01 ,400.00 ,837.57 ,면 및 만두류
깐풍기,37.78 ,26.14 ,37.00 ,9.96 ,657.13 ,138.85 ,8.10 ,0.81 ,200.00 ,588.72 ,튀김류
오이지무침,10.15 ,1.50 ,2.83 ,3.97 ,1129.78 ,0.00 ,0.29 ,0.01 ,100.00 ,72.03,생채/무침류
마늘장아찌,2.96 ,0.90 ,0.15 ,1.28 ,487.97 ,0.02 ,0.01 ,0.00 ,30.00 ,16.84 ,장아찌/절임류
김치우동,99.14 ,15.55 ,4.60 ,2.13 ,2874.60 ,14.13 ,0.83 ,0.00 ,800.00 ,500.18 ,면 및 만두류
해물칼국수,123.90 ,22.80 ,4.61 ,3.81 ,2355.07 ,26.70 ,1.30 ,0.01 ,900.00 ,628.26 ,면 및 만두류
시저샐러드,25.63 ,14.33 ,6.54 ,0.00 ,219.78 ,0.00 ,0.00 ,0.00 ,150.00 ,213.07,생채/무침류
시래기나물,2.55 ,1.50 ,3.50 ,0.05 ,216.81 ,0.00 ,0.40 ,0.00 ,50.00 ,47.50 ,나물/숙채류
멸치풋고추볶음,3.41 ,4.65 ,2.24 ,1.43 ,275.54 ,36.60 ,0.39 ,0.02 ,20.00 ,52.38,볶음류
쇠고기산적,7.40 ,48.40 ,25.60 ,0.00 ,1392.84 ,134.84 ,7.00 ,0.80 ,200.00 ,454.00 ,전/적 및 부침류
소고기버섯죽,109.03 ,18.75 ,7.40 ,0.26 ,1261.80 ,26.08 ,2.72 ,0.14 ,800.00 ,578.28 ,죽 및 스프류
치즈라면,80.00 ,16.80 ,23.03 ,0.90 ,2113.40 ,103.67 ,9.39 ,0.24 ,600.00 ,594.54 ,면 및 만두류
소고기육개장,20.82 ,21.91 ,18.77 ,0.54 ,2853.09 ,142.71 ,7.27 ,0.76 ,700.00 ,339.87,국 및 탕류
단무지무침,5.55 ,0.91 ,1.67 ,1.43 ,857.84 ,0.00 ,0.18 ,0.00 ,100.00 ,40.89 ,생채/무침류
닭고기구이,8.67 ,18.24 ,14.82 ,0.00 ,67.84 ,0.00 ,0.00 ,0.00 ,176.20 ,239.24 ,구이류
오이냉국,3.49 ,0.48 ,0.28 ,2.46 ,288.56 ,0.00 ,0.03 ,0.00 ,100.00 ,18.38 ,국 및 탕류
마늘쫑무침,8.52 ,0.82 ,0.25 ,4.56 ,415.03 ,0.28 ,0.05 ,0.00 ,30.00 ,39.56 ,생채/무침류
토마토소스스파게티,93.20 ,24.35 ,19.15 ,15.60 ,1508.63 ,49.17 ,5.44 ,0.21 ,500.00 ,642.58 ,면 및 만두류
꽃게탕,18.09 ,28.39 ,5.83 ,1.32 ,2247.58 ,212.81 ,0.85 ,0.03 ,600.00 ,238.39 ,국 및 탕류
장어덮밥,97.35 ,30.09 ,22.98 ,5.59 ,920.77 ,234.56 ,5.18 ,0.23 ,400.00 ,716.54 ,밥류
오곡밥,82.25 ,12.00 ,1.25 ,0.25 ,113.90 ,0.00 ,0.50 ,0.00 ,250.00 ,390.00 ,밥류
바지락조개국,10.12 ,22.05 ,3.11 ,1.32 ,1596.17 ,89.36 ,0.57 ,0.02 ,550.00 ,156.64 ,국 및 탕류
총각김치,2.82 ,1.16 ,0.30 ,0.79 ,337.76 ,0.90 ,0.06 ,0.00 ,50.00 ,18.63,김치류
호박죽,89.39 ,7.09 ,6.32 ,16.70 ,929.20 ,1.72 ,1.06 ,0.00 ,600.00 ,442.75,죽 및 스프류
소갈비찜,13.14 ,49.86 ,26.96 ,4.32 ,753.63 ,141.48 ,10.33 ,1.07 ,250.00 ,494.6,찜류
오일소스스파게티,89.42 ,19.56 ,23.43 ,1.41 ,1124.33 ,31.62 ,3.89 ,0.05 ,400.00 ,646.74 ,면 및 만두류
막국수,114.86 ,20.99 ,6.28 ,23.35 ,1503.04 ,64.43 ,1.56 ,0.03 ,550.00 ,599.91,면 및 만두류
모닝빵,29.83 ,5.33 ,6.39 ,13.48 ,213.04 ,5.33 ,2.13 ,0.00 ,70.00 ,202.39,빵 및 과자류
황태해장국,5.69 ,24.50 ,6.77 ,1.48 ,1533.09 ,150.30 ,1.11 ,0.02 ,600.00 ,181.7,국 및 탕류
미소된장국,1.84 ,1.88 ,1.90 ,0.48 ,344.69 ,0.00 ,0.14 ,0.00 ,100.00 ,25.61,국 및 탕류
바나나,21.94 ,1.10 ,0.10 ,14.63 ,0.00 ,0.00 ,0.04 ,0.00 ,100.00 ,79.00 ,과실류
사과,14.36 ,0.20 ,0.03 ,11.14 ,0.00 ,0.00 ,0.01 ,0.00 ,100.00 ,49.00 ,과실류
딸기,8.90 ,0.80 ,0.20 ,0.00 ,13.00 ,0.00 ,0.00 ,0.00 ,100.00 ,34.00 ,과실류
키위,14.80 ,0.80 ,1.00 ,0.00 ,2.00 ,0.00 ,0.00 ,0.00 ,100.00 ,61.00 ,과실류
메론,9.10 ,0.50 ,0.10 ,0.00 ,0.00 ,0.00 ,0.00 ,0.00 ,100.00 ,36.00 ,과실류
수박,7.50 ,0.80 ,0.10 ,0.00 ,6.00 ,0.00 ,0.00 ,0.00 ,100.00 ,31.00 ,과실류
복숭아,14.00 ,1.40 ,0.40 ,0.00 ,0.00 ,0.00 ,0.00 ,0.00 ,100.00 ,59.00 ,과실류
블루베리,12.57 ,0.55 ,0.09 ,5.54 ,0.00 ,0.00 ,0.02 ,0.00 ,100.00 ,45 ,과실류
귤,9.90 ,0.70 ,0.10 ,0.30 ,0.00 ,0.00 ,0.00 ,0.00 ,100.00 ,38.00 ,과실류
오렌지,9.00 ,0.00 ,0.00 ,0.00 ,9.00 ,18.00 ,0.00 ,0.00 ,100.00 ,40.00 ,과실류
포도,15.01 ,0.71 ,0.13 ,8.46 ,1.00 ,0.00 ,0.00 ,0.00 ,100.00 ,54.00 ,과실류
고구마,30.28 ,1.39 ,0.23 ,3.19 ,18.00 ,0.00 ,0.00 ,0.00 ,75.00 ,128.00 ,감자 및 전분류
부추전,37.35 ,5.70 ,9.00 ,1.35 ,249.44 ,9.27 ,1.35 ,0.00 ,150.00 ,253,전/적 및 부침류